"Study Name","Respondent Name","Gender","Age","Group","Type","Label","Start (ms)","Duration (ms)","Parent Stimulus","Count Frames","Anger Threshold","Anger Frames >= Threshold","Anger Time Percentage","Sadness Threshold","Sadness Frames >= Threshold","Sadness Time Percentage","Disgust Threshold","Disgust Frames >= Threshold","Disgust Time Percentage","Joy Threshold","Joy Frames >= Threshold","Joy Time Percentage","Surprise Threshold","Surprise Frames >= Threshold","Surprise Time Percentage","Fear Threshold","Fear Frames >= Threshold","Fear Time Percentage","Contempt Threshold","Contempt Frames >= Threshold","Contempt Time Percentage","Engagement Threshold","Engagement Frames >= Threshold","Engagement Time Percentage","Attention Threshold","Attention Frames >= Threshold","Attention Time Percentage","Positive Threshold","Positive Frames >= Threshold","Positive Time Percentage","Negative Threshold","Negative Frames <= Threshold","Negative Time Percentage","Neutral Threshold","Neutral Frames Between Threshold","Neutral Time Percentage","Brow Furrow Threshold","Brow Furrow Frames >= Threshold","Brow Furrow Time Percentage","Brow Raise Threshold","Brow Raise Frames >= Threshold","Brow Raise Time Percentage","Lip Corner Depressor Threshold","Lip Corner Depressor Frames >= Threshold","Lip Corner Depressor Time Percentage","Smile Threshold","Smile Frames >= Threshold","Smile Time Percentage","Inner Brow Raise Threshold","Inner Brow Raise Frames >= Threshold","Inner Brow Raise Time Percentage","Eye Closure Threshold","Eye Closure Frames >= Threshold","Eye Closure Time Percentage","Nose Wrinkle Threshold","Nose Wrinkle Frames >= Threshold","Nose Wrinkle Time Percentage","Upper Lip Raise Threshold","Upper Lip Raise Frames >= Threshold","Upper Lip Raise Time Percentage","Lip Suck Threshold","Lip Suck Frames >= Threshold","Lip Suck Time Percentage","Lip Press Threshold","Lip Press Frames >= Threshold","Lip Press Time Percentage","Mouth Open Threshold","Mouth Open Frames >= Threshold","Mouth Open Time Percentage","Chin Raise Threshold","Chin Raise Frames >= Threshold","Chin Raise Time Percentage","Smirk Threshold","Smirk Frames >= Threshold","Smirk Time Percentage","Lip Pucker Threshold","Lip Pucker Frames >= Threshold","Lip Pucker Time Percentage","Cheek Raise Threshold","Cheek Raise Frames >= Threshold","Cheek Raise Time Percentage","Dimpler Threshold","Dimpler Frames >= Threshold","Dimpler Time Percentage","Eye Widen Threshold","Eye Widen Frames >= Threshold","Eye Widen Time Percentage","Lid Tighten Threshold","Lid Tighten Frames >= Threshold","Lid Tighten Time Percentage","Lip Stretch Threshold","Lip Stretch Frames >= Threshold","Lip Stretch Time Percentage","Jaw Drop Threshold","Jaw Drop Frames >= Threshold","Jaw Drop Time Percentage"
"Hoteles Grupo 2","RESPONDENT1","Female","26","Default","Stimulus","VrboPage",62143,123763,"",3718,"50",0,0,"50",0,0,"50",0,0,"50",0,0,"50",0,0,"50",0,0,"50",0,0,"50",0,0,"50",2391,64.31,"50",0,0,"-50",0,0,"-50|50",2391,64.31,"50",0,0,"50",0,0,"50",0,0,"50",0,0,"50",0,0,"50",8,0.22,"50",0,0,"50",0,0,"50",0,0,"50",0,0,"50",0,0,"50",0,0,"50",0,0,"50",0,0,"50",0,0,"50",0,0,"50",0,0,"50",0,0,"50",0,0,"50",16,0.43
"Hoteles Grupo 2","RESPONDENT1","Female","26","Default","Scene","Mapping Vrbo",63735,27454,"VrboPage",823,"50",0,0,"50",0,0,"50",0,0,"50",0,0,"50",0,0,"50",0,0,"50",0,0,"50",0,0,"50",533,64.76,"50",0,0,"-50",0,0,"-50|50",533,64.76,"50",0,0,"50",0,0,"50",0,0,"50",0,0,"50",0,0,"50",5,0.61,"50",0,0,"50",0,0,"50",0,0,"50",0,0,"50",0,0,"50",0,0,"50",0,0,"50",0,0,"50",0,0,"50",0,0,"50",0,0,"50",0,0,"50",0,0,"50",16,1.94
"Hoteles Grupo 2","RESPONDENT1","Female","26","Default","Scene","Mapping 2",96465,31391,"VrboPage",941,"50",0,0,"50",0,0,"50",0,0,"50",0,0,"50",0,0,"50",0,0,"50",0,0,"50",0,0,"50",600,63.76,"50",0,0,"-50",0,0,"-50|50",600,63.76,"50",0,0,"50",0,0,"50",0,0,"50",0,0,"50",0,0,"50",1,0.11,"50",0,0,"50",0,0,"50",0,0,"50",0,0,"50",0,0,"50",0,0,"50",0,0,"50",0,0,"50",0,0,"50",0,0,"50",0,0,"50",0,0,"50",0,0,"50",0,0
"Hoteles Grupo 2","RESPONDENT1","Female","26","Default","Stimulus","HotelesPage",354873,94223,"",2830,"50",0,0,"50",0,0,"50",0,0,"50",0,0,"50",0,0,"50",0,0,"50",0,0,"50",0,0,"50",1811,63.99,"50",0,0,"-50",30,1.06,"-50|50",1781,62.93,"50",0,0,"50",0,0,"50",31,1.1,"50",0,0,"50",0,0,"50",5,0.18,"50",0,0,"50",0,0,"50",0,0,"50",0,0,"50",0,0,"50",5,0.18,"50",0,0,"50",0,0,"50",0,0,"50",0,0,"50",0,0,"50",0,0,"50",0,0,"50",0,0
"Hoteles Grupo 2","RESPONDENT1","Female","26","Default","Stimulus","AgodaPage",226215,97669,"",2934,"50",0,0,"50",0,0,"50",0,0,"50",0,0,"50",0,0,"50",0,0,"50",0,0,"50",0,0,"50",1871,63.77,"50",0,0,"-50",0,0,"-50|50",1871,63.77,"50",0,0,"50",0,0,"50",0,0,"50",0,0,"50",0,0,"50",5,0.17,"50",0,0,"50",0,0,"50",0,0,"50",0,0,"50",0,0,"50",0,0,"50",0,0,"50",0,0,"50",0,0,"50",0,0,"50",0,0,"50",0,0,"50",0,0,"50",0,0
"Hoteles Grupo 2","RESPONDENT1","Female","26","Default","Stimulus","VrboPage2",508141,115714,"",3477,"50",0,0,"50",0,0,"50",0,0,"50",0,0,"50",0,0,"50",0,0,"50",0,0,"50",0,0,"50",2201,63.3,"50",0,0,"-50",0,0,"-50|50",2201,63.3,"50",0,0,"50",0,0,"50",0,0,"50",0,0,"50",0,0,"50",8,0.23,"50",0,0,"50",0,0,"50",0,0,"50",1,0.03,"50",0,0,"50",0,0,"50",0,0,"50",54,1.55,"50",0,0,"50",0,0,"50",0,0,"50",0,0,"50",0,0,"50",63,1.81
"Hoteles Grupo 2","RESPONDENT1","Female","26","Default","Stimulus","HotelesPage2",779420,65908,"",1980,"50",0,0,"50",0,0,"50",0,0,"50",0,0,"50",0,0,"50",0,0,"50",0,0,"50",0,0,"50",1287,65,"50",0,0,"-50",0,0,"-50|50",1287,65,"50",0,0,"50",0,0,"50",0,0,"50",0,0,"50",0,0,"50",9,0.45,"50",0,0,"50",0,0,"50",0,0,"50",0,0,"50",0,0,"50",0,0,"50",0,0,"50",0,0,"50",0,0,"50",0,0,"50",0,0,"50",0,0,"50",0,0,"50",0,0
"Hoteles Grupo 2","RESPONDENT1","Female","26","Default","Stimulus","AgodaPage2",654140,94417,"",2836,"50",0,0,"50",0,0,"50",0,0,"50",0,0,"50",0,0,"50",0,0,"50",0,0,"50",0,0,"50",1859,65.55,"50",0,0,"-50",0,0,"-50|50",1859,65.55,"50",0,0,"50",0,0,"50",0,0,"50",0,0,"50",0,0,"50",9,0.32,"50",0,0,"50",0,0,"50",0,0,"50",0,0,"50",0,0,"50",0,0,"50",0,0,"50",0,0,"50",0,0,"50",0,0,"50",0,0,"50",0,0,"50",19,0.67,"50",0,0
"Hoteles Grupo 2","RESPONDENT1","Female","26","Default","Stimulus","VrboPage3",897872,101907,"",3061,"50",0,0,"50",0,0,"50",0,0,"50",0,0,"50",0,0,"50",0,0,"50",0,0,"50",0,0,"50",1978,64.62,"50",0,0,"-50",36,1.18,"-50|50",1942,63.44,"50",0,0,"50",0,0,"50",39,1.27,"50",0,0,"50",0,0,"50",7,0.23,"50",0,0,"50",0,0,"50",0,0,"50",0,0,"50",0,0,"50",0,0,"50",0,0,"50",81,2.65,"50",0,0,"50",0,0,"50",0,0,"50",0,0,"50",0,0,"50",72,2.35
"Hoteles Grupo 2","RESPONDENT1","Female","26","Default","Stimulus","HotelesPage3",1140887,94437,"",2836,"50",0,0,"50",0,0,"50",0,0,"50",0,0,"50",0,0,"50",0,0,"50",0,0,"50",0,0,"50",1844,65.02,"50",0,0,"-50",0,0,"-50|50",1844,65.02,"50",0,0,"50",0,0,"50",0,0,"50",0,0,"50",0,0,"50",4,0.14,"50",0,0,"50",0,0,"50",5,0.18,"50",0,0,"50",0,0,"50",0,0,"50",0,0,"50",0,0,"50",0,0,"50",3,0.11,"50",0,0,"50",0,0,"50",5,0.18,"50",18,0.63
"Hoteles Grupo 2","RESPONDENT1","Female","26","Default","Stimulus","AgodaPage3",1030210,77960,"",2342,"50",0,0,"50",0,0,"50",0,0,"50",0,0,"50",0,0,"50",0,0,"50",0,0,"50",2,0.09,"50",1492,63.71,"50",1,0.04,"-50",0,0,"-50|50",1491,63.66,"50",0,0,"50",0,0,"50",0,0,"50",2,0.09,"50",0,0,"50",5,0.21,"50",0,0,"50",0,0,"50",0,0,"50",0,0,"50",15,0.64,"50",0,0,"50",0,0,"50",0,0,"50",0,0,"50",0,0,"50",0,0,"50",0,0,"50",0,0,"50",36,1.54
"Hoteles Grupo 2","RESPONDENT2","Male","26","Default","Stimulus","VrboPage",283868,149932,"",4503,"50",0,0,"50",0,0,"50",0,0,"50",0,0,"50",47,1.04,"50",0,0,"50",0,0,"50",89,1.98,"50",2676,59.43,"50",0,0,"-50",8,0.18,"-50|50",2795,62.07,"50",17,0.38,"50",56,1.24,"50",10,0.22,"50",0,0,"50",0,0,"50",9,0.2,"50",0,0,"50",0,0,"50",111,2.47,"50",54,1.2,"50",73,1.62,"50",10,0.22,"50",0,0,"50",15,0.33,"50",0,0,"50",76,1.69,"50",31,0.69,"50",0,0,"50",0,0,"50",94,2.09
"Hoteles Grupo 2","RESPONDENT2","Male","26","Default","Scene","Mapping Vrbo",283868,25318,"VrboPage",760,"50",0,0,"50",0,0,"50",0,0,"50",0,0,"50",0,0,"50",0,0,"50",0,0,"50",11,1.45,"50",454,59.74,"50",0,0,"-50",0,0,"-50|50",487,64.08,"50",0,0,"50",1,0.13,"50",0,0,"50",0,0,"50",0,0,"50",2,0.26,"50",0,0,"50",0,0,"50",0,0,"50",0,0,"50",15,1.97,"50",8,1.05,"50",0,0,"50",0,0,"50",0,0,"50",35,4.61,"50",0,0,"50",0,0,"50",0,0,"50",0,0
"Hoteles Grupo 2","RESPONDENT2","Male","26","Default","Scene","Mapping 2",312783,27247,"VrboPage",819,"50",0,0,"50",0,0,"50",0,0,"50",0,0,"50",0,0,"50",0,0,"50",0,0,"50",0,0,"50",526,64.22,"50",0,0,"-50",0,0,"-50|50",526,64.22,"50",0,0,"50",0,0,"50",0,0,"50",0,0,"50",0,0,"50",0,0,"50",0,0,"50",0,0,"50",0,0,"50",0,0,"50",4,0.49,"50",0,0,"50",0,0,"50",0,0,"50",0,0,"50",0,0,"50",0,0,"50",0,0,"50",0,0,"50",0,0
"Hoteles Grupo 2","RESPONDENT2","Male","26","Default","Stimulus","HotelesPage",492610,116766,"",3507,"50",0,0,"50",0,0,"50",0,0,"50",0,0,"50",24,0.68,"50",0,0,"50",0,0,"50",339,9.67,"50",2207,62.93,"50",0,0,"-50",21,0.6,"-50|50",2212,63.07,"50",0,0,"50",36,1.03,"50",0,0,"50",0,0,"50",0,0,"50",1,0.03,"50",0,0,"50",0,0,"50",248,7.07,"50",49,1.4,"50",201,5.73,"50",132,3.76,"50",0,0,"50",28,0.8,"50",0,0,"50",119,3.39,"50",26,0.74,"50",0,0,"50",0,0,"50",283,8.07
"Hoteles Grupo 2","RESPONDENT2","Male","26","Default","Stimulus","AgodaPage",68157,158669,"",4766,"50",0,0,"50",0,0,"50",0,0,"50",0,0,"50",0,0,"50",0,0,"50",5,0.1,"50",171,3.59,"50",2989,62.72,"50",0,0,"-50",0,0,"-50|50",3023,63.43,"50",11,0.23,"50",19,0.4,"50",0,0,"50",0,0,"50",0,0,"50",1,0.02,"50",0,0,"50",0,0,"50",25,0.52,"50",16,0.34,"50",368,7.72,"50",0,0,"50",8,0.17,"50",69,1.45,"50",0,0,"50",21,0.44,"50",0,0,"50",0,0,"50",6,0.13,"50",19,0.4
"Hoteles Grupo 2","RESPONDENT2","Male","26","Default","Stimulus","VrboPage2",812959,90027,"",2704,"50",0,0,"50",0,0,"50",0,0,"50",0,0,"50",0,0,"50",0,0,"50",0,0,"50",28,1.04,"50",1704,63.02,"50",5,0.18,"-50",0,0,"-50|50",1755,64.9,"50",0,0,"50",0,0,"50",0,0,"50",6,0.22,"50",0,0,"50",15,0.55,"50",0,0,"50",0,0,"50",50,1.85,"50",3,0.11,"50",77,2.85,"50",18,0.67,"50",0,0,"50",0,0,"50",0,0,"50",0,0,"50",0,0,"50",0,0,"50",7,0.26,"50",14,0.52
"Hoteles Grupo 2","RESPONDENT2","Male","26","Default","Stimulus","HotelesPage2",936669,76713,"",2304,"50",0,0,"50",0,0,"50",0,0,"50",0,0,"50",0,0,"50",0,0,"50",0,0,"50",7,0.3,"50",1485,64.45,"50",0,0,"-50",44,1.91,"-50|50",1441,62.54,"50",0,0,"50",0,0,"50",1,0.04,"50",0,0,"50",0,0,"50",6,0.26,"50",0,0,"50",0,0,"50",56,2.43,"50",21,0.91,"50",69,2.99,"50",50,2.17,"50",0,0,"50",0,0,"50",0,0,"50",41,1.78,"50",0,0,"50",0,0,"50",31,1.35,"50",36,1.56
"Hoteles Grupo 2","RESPONDENT2","Male","26","Default","Stimulus","AgodaPage2",667766,98868,"",2969,"50",0,0,"50",0,0,"50",2,0.07,"50",0,0,"50",0,0,"50",0,0,"50",0,0,"50",7,0.24,"50",1807,60.86,"50",0,0,"-50",0,0,"-50|50",1840,61.97,"50",0,0,"50",0,0,"50",0,0,"50",0,0,"50",7,0.24,"50",4,0.13,"50",2,0.07,"50",0,0,"50",162,5.46,"50",24,0.81,"50",142,4.78,"50",11,0.37,"50",0,0,"50",38,1.28,"50",0,0,"50",16,0.54,"50",1,0.03,"50",0,0,"50",1,0.03,"50",28,0.94
"Hoteles Grupo 2","RESPONDENT2","Male","26","Default","Stimulus","VrboPage3",1178777,61091,"",1835,"50",0,0,"50",0,0,"50",0,0,"50",0,0,"50",0,0,"50",0,0,"50",0,0,"50",21,1.14,"50",1149,62.62,"50",0,0,"-50",0,0,"-50|50",1163,63.38,"50",0,0,"50",0,0,"50",0,0,"50",0,0,"50",0,0,"50",1,0.05,"50",0,0,"50",0,0,"50",17,0.93,"50",13,0.71,"50",15,0.82,"50",4,0.22,"50",0,0,"50",0,0,"50",0,0,"50",0,0,"50",0,0,"50",0,0,"50",0,0,"50",6,0.33
"Hoteles Grupo 2","RESPONDENT2","Male","26","Default","Stimulus","HotelesPage3",1272167,65811,"",1977,"50",0,0,"50",0,0,"50",0,0,"50",52,2.63,"50",0,0,"50",0,0,"50",0,0,"50",74,3.74,"50",1242,62.82,"50",69,3.49,"-50",0,0,"-50|50",1182,59.79,"50",0,0,"50",0,0,"50",1,0.05,"50",71,3.59,"50",0,0,"50",4,0.2,"50",0,0,"50",0,0,"50",58,2.93,"50",0,0,"50",138,6.98,"50",16,0.81,"50",0,0,"50",0,0,"50",0,0,"50",0,0,"50",7,0.35,"50",0,0,"50",0,0,"50",11,0.56
"Hoteles Grupo 2","RESPONDENT2","Male","26","Default","Stimulus","AgodaPage3",1071879,68176,"",2048,"50",0,0,"50",0,0,"50",0,0,"50",0,0,"50",33,1.61,"50",23,1.12,"50",0,0,"50",131,6.4,"50",1217,59.42,"50",0,0,"-50",0,0,"-50|50",1272,62.11,"50",23,1.12,"50",43,2.1,"50",0,0,"50",0,0,"50",0,0,"50",25,1.22,"50",0,0,"50",0,0,"50",0,0,"50",67,3.27,"50",216,10.55,"50",1,0.05,"50",0,0,"50",0,0,"50",0,0,"50",145,7.08,"50",40,1.95,"50",0,0,"50",5,0.24,"50",189,9.23
"Hoteles Grupo 2","RESPONDENT3","Male","34","Default","Stimulus","VrboPage",562264,171113,"",5139,"50",0,0,"50",0,0,"50",407,7.92,"50",266,5.18,"50",12,0.23,"50",0,0,"50",0,0,"50",665,12.94,"50",1986,38.65,"50",318,6.19,"-50",272,5.29,"-50|50",1402,27.28,"50",186,3.62,"50",22,0.43,"50",2,0.04,"50",342,6.65,"50",0,0,"50",1,0.02,"50",136,2.65,"50",297,5.78,"50",0,0,"50",3,0.06,"50",175,3.41,"50",68,1.32,"50",0,0,"50",191,3.72,"50",173,3.37,"50",1,0.02,"50",0,0,"50",0,0,"50",0,0,"50",36,0.7
"Hoteles Grupo 2","RESPONDENT3","Male","34","Default","Scene","Mapping Vrbo",562264,18697,"VrboPage",560,"50",0,0,"50",0,0,"50",33,5.89,"50",0,0,"50",0,0,"50",0,0,"50",0,0,"50",91,16.25,"50",349,62.32,"50",0,0,"-50",12,2.14,"-50|50",343,61.25,"50",36,6.43,"50",0,0,"50",0,0,"50",0,0,"50",0,0,"50",0,0,"50",11,1.96,"50",0,0,"50",0,0,"50",3,0.54,"50",3,0.54,"50",68,12.14,"50",0,0,"50",105,18.75,"50",0,0,"50",0,0,"50",0,0,"50",0,0,"50",0,0,"50",0,0
"Hoteles Grupo 2","RESPONDENT3","Male","34","Default","Scene","Mapping 2",607406,23076,"VrboPage",692,"50",0,0,"50",0,0,"50",0,0,"50",0,0,"50",0,0,"50",0,0,"50",0,0,"50",0,0,"50",0,0,"50",0,0,"-50",0,0,"-50|50",0,0,"50",0,0,"50",0,0,"50",0,0,"50",0,0,"50",0,0,"50",0,0,"50",0,0,"50",0,0,"50",0,0,"50",0,0,"50",0,0,"50",0,0,"50",0,0,"50",0,0,"50",0,0,"50",0,0,"50",0,0,"50",0,0,"50",0,0,"50",0,0
"Hoteles Grupo 2","RESPONDENT3","Male","34","Default","Stimulus","HotelesPage",82859,247892,"",7444,"50",0,0,"50",0,0,"50",98,1.32,"50",3,0.04,"50",0,0,"50",0,0,"50",0,0,"50",171,2.3,"50",1868,25.09,"50",8,0.11,"-50",51,0.69,"-50|50",1809,24.3,"50",0,0,"50",1,0.01,"50",0,0,"50",11,0.15,"50",0,0,"50",0,0,"50",56,0.75,"50",76,1.02,"50",0,0,"50",0,0,"50",7,0.09,"50",17,0.23,"50",0,0,"50",41,0.55,"50",0,0,"50",0,0,"50",0,0,"50",0,0,"50",0,0,"50",10,0.13
"Hoteles Grupo 2","RESPONDENT3","Male","34","Default","Scene","Mapping Hoteles Inicio",84462,28918,"HotelesPage",868,"50",0,0,"50",0,0,"50",0,0,"50",3,0.35,"50",0,0,"50",0,0,"50",0,0,"50",144,16.59,"50",237,27.3,"50",8,0.92,"-50",0,0,"-50|50",229,26.38,"50",0,0,"50",0,0,"50",0,0,"50",11,1.27,"50",0,0,"50",0,0,"50",0,0,"50",0,0,"50",0,0,"50",0,0,"50",0,0,"50",17,1.96,"50",0,0,"50",41,4.72,"50",0,0,"50",0,0,"50",0,0,"50",0,0,"50",0,0,"50",0,0
"Hoteles Grupo 2","RESPONDENT3","Male","34","Default","Scene","Mapping Hoteles Buscador",245169,685,"HotelesPage",21,"50",0,0,"50",0,0,"50",0,0,"50",0,0,"50",0,0,"50",0,0,"50",0,0,"50",0,0,"50",0,0,"50",0,0,"-50",0,0,"-50|50",0,0,"50",0,0,"50",0,0,"50",0,0,"50",0,0,"50",0,0,"50",0,0,"50",0,0,"50",0,0,"50",0,0,"50",0,0,"50",0,0,"50",0,0,"50",0,0,"50",0,0,"50",0,0,"50",0,0,"50",0,0,"50",0,0,"50",0,0,"50",0,0
"Hoteles Grupo 2","RESPONDENT3","Male","34","Default","Scene","Mapping Reserva",288452,3875,"HotelesPage",116,"50",0,0,"50",0,0,"50",0,0,"50",0,0,"50",0,0,"50",0,0,"50",0,0,"50",0,0,"50",0,0,"50",0,0,"-50",0,0,"-50|50",0,0,"50",0,0,"50",0,0,"50",0,0,"50",0,0,"50",0,0,"50",0,0,"50",0,0,"50",0,0,"50",0,0,"50",0,0,"50",0,0,"50",0,0,"50",0,0,"50",0,0,"50",0,0,"50",0,0,"50",0,0,"50",0,0,"50",0,0,"50",0,0
"Hoteles Grupo 2","RESPONDENT3","Male","34","Default","Stimulus","AgodaPage",389136,114616,"",3442,"50",0,0,"50",0,0,"50",10,0.29,"50",4,0.12,"50",0,0,"50",0,0,"50",0,0,"50",91,2.64,"50",165,4.79,"50",34,0.99,"-50",0,0,"-50|50",131,3.81,"50",0,0,"50",0,0,"50",0,0,"50",22,0.64,"50",0,0,"50",0,0,"50",2,0.06,"50",6,0.17,"50",0,0,"50",0,0,"50",0,0,"50",0,0,"50",0,0,"50",0,0,"50",31,0.9,"50",0,0,"50",0,0,"50",0,0,"50",0,0,"50",0,0
"Hoteles Grupo 2","RESPONDENT3","Male","34","Default","Stimulus","VrboPage2",1343535,166188,"",4992,"50",0,0,"50",0,0,"50",17,0.34,"50",20,0.4,"50",0,0,"50",0,0,"50",0,0,"50",125,2.5,"50",379,7.59,"50",26,0.52,"-50",7,0.14,"-50|50",350,7.01,"50",0,0,"50",16,0.32,"50",6,0.12,"50",26,0.52,"50",0,0,"50",0,0,"50",14,0.28,"50",5,0.1,"50",1,0.02,"50",0,0,"50",12,0.24,"50",37,0.74,"50",0,0,"50",136,2.72,"50",16,0.32,"50",0,0,"50",0,0,"50",0,0,"50",0,0,"50",58,1.16
"Hoteles Grupo 2","RESPONDENT3","Male","34","Default","Stimulus","HotelesPage2",792329,182895,"",5493,"50",0,0,"50",0,0,"50",59,1.07,"50",495,9.01,"50",0,0,"50",0,0,"50",1,0.02,"50",1151,20.95,"50",3033,55.22,"50",1327,24.16,"-50",22,0.4,"-50|50",1698,30.91,"50",15,0.27,"50",2,0.04,"50",14,0.25,"50",1146,20.86,"50",0,0,"50",0,0,"50",44,0.8,"50",41,0.75,"50",0,0,"50",0,0,"50",12,0.22,"50",1,0.02,"50",1,0.02,"50",0,0,"50",218,3.97,"50",0,0,"50",0,0,"50",0,0,"50",0,0,"50",130,2.37
"Hoteles Grupo 2","RESPONDENT3","Male","34","Default","Stimulus","AgodaPage2",1033597,251488,"",7554,"50",0,0,"50",0,0,"50",113,1.5,"50",524,6.94,"50",0,0,"50",0,0,"50",0,0,"50",2410,31.9,"50",3604,47.71,"50",1218,16.12,"-50",34,0.45,"-50|50",2369,31.36,"50",13,0.17,"50",1,0.01,"50",0,0,"50",1019,13.49,"50",0,0,"50",2,0.03,"50",39,0.52,"50",53,0.7,"50",0,0,"50",0,0,"50",17,0.23,"50",0,0,"50",0,0,"50",35,0.46,"50",802,10.62,"50",2,0.03,"50",0,0,"50",0,0,"50",0,0,"50",0,0
"Hoteles Grupo 2","RESPONDENT3","Male","34","Default","Stimulus","VrboPage3",2201112,71186,"",2138,"50",0,0,"50",0,0,"50",0,0,"50",0,0,"50",0,0,"50",0,0,"50",0,0,"50",0,0,"50",160,7.48,"50",0,0,"-50",0,0,"-50|50",161,7.53,"50",0,0,"50",32,1.5,"50",0,0,"50",0,0,"50",0,0,"50",1,0.05,"50",0,0,"50",0,0,"50",0,0,"50",0,0,"50",0,0,"50",0,0,"50",0,0,"50",0,0,"50",0,0,"50",0,0,"50",0,0,"50",0,0,"50",0,0,"50",0,0
"Hoteles Grupo 2","RESPONDENT3","Male","34","Default","Stimulus","HotelesPage3",1568877,270672,"",8130,"50",0,0,"50",0,0,"50",100,1.23,"50",33,0.41,"50",0,0,"50",0,0,"50",0,0,"50",78,0.96,"50",2028,24.94,"50",48,0.59,"-50",39,0.48,"-50|50",1948,23.96,"50",42,0.52,"50",4,0.05,"50",0,0,"50",42,0.52,"50",0,0,"50",7,0.09,"50",32,0.39,"50",98,1.21,"50",0,0,"50",0,0,"50",13,0.16,"50",0,0,"50",0,0,"50",0,0,"50",38,0.47,"50",6,0.07,"50",0,0,"50",0,0,"50",0,0,"50",0,0
"Hoteles Grupo 2","RESPONDENT3","Male","34","Default","Stimulus","AgodaPage3",1897910,244712,"",7351,"50",0,0,"50",0,0,"50",35,0.48,"50",828,11.26,"50",0,0,"50",0,0,"50",1,0.01,"50",1641,22.32,"50",2193,29.83,"50",1184,16.11,"-50",5,0.07,"-50|50",1007,13.7,"50",0,0,"50",2,0.03,"50",0,0,"50",1133,15.41,"50",0,0,"50",4,0.05,"50",0,0,"50",39,0.53,"50",0,0,"50",1,0.01,"50",35,0.48,"50",0,0,"50",1,0.01,"50",313,4.26,"50",467,6.35,"50",6,0.08,"50",0,0,"50",0,0,"50",0,0,"50",0,0
"Hoteles Grupo 2","RESPONDENT4","Female","24","Default","Stimulus","VrboPage",82548,209927,"",6304,"50",5,0.08,"50",0,0,"50",18,0.29,"50",369,5.85,"50",0,0,"50",0,0,"50",0,0,"50",1079,17.12,"50",4014,63.67,"50",423,6.71,"-50",41,0.65,"-50|50",3550,56.31,"50",59,0.94,"50",0,0,"50",7,0.11,"50",474,7.52,"50",0,0,"50",66,1.05,"50",10,0.16,"50",7,0.11,"50",184,2.92,"50",81,1.28,"50",1536,24.37,"50",45,0.71,"50",0,0,"50",19,0.3,"50",57,0.9,"50",111,1.76,"50",0,0,"50",0,0,"50",130,2.06,"50",307,4.87
"Hoteles Grupo 2","RESPONDENT4","Male","25","Default","Stimulus","VrboPage",3620,74859,"",2246,"50",0,0,"50",0,0,"50",0,0,"50",0,0,"50",0,0,"50",0,0,"50",0,0,"50",0,0,"50",1441,64.16,"50",0,0,"-50",0,0,"-50|50",1441,64.16,"50",0,0,"50",0,0,"50",0,0,"50",0,0,"50",8,0.36,"50",2,0.09,"50",0,0,"50",0,0,"50",0,0,"50",0,0,"50",0,0,"50",0,0,"50",0,0,"50",0,0,"50",0,0,"50",0,0,"50",4,0.18,"50",0,0,"50",0,0,"50",0,0
"Hoteles Grupo 2","RESPONDENT4","Female","24","Default","Scene","Mapping Vrbo",82548,27729,"VrboPage",832,"50",0,0,"50",0,0,"50",0,0,"50",93,11.18,"50",0,0,"50",0,0,"50",0,0,"50",268,32.21,"50",514,61.78,"50",108,12.98,"-50",28,3.37,"-50|50",378,45.43,"50",0,0,"50",0,0,"50",0,0,"50",108,12.98,"50",0,0,"50",63,7.57,"50",0,0,"50",0,0,"50",63,7.57,"50",25,3,"50",279,33.53,"50",41,4.93,"50",0,0,"50",0,0,"50",54,6.49,"50",11,1.32,"50",0,0,"50",0,0,"50",0,0,"50",231,27.76
"Hoteles Grupo 2","RESPONDENT4","Male","25","Default","Scene","Mapping Vrbo",3855,16529,"VrboPage",495,"50",0,0,"50",0,0,"50",0,0,"50",0,0,"50",0,0,"50",0,0,"50",0,0,"50",0,0,"50",320,64.65,"50",0,0,"-50",0,0,"-50|50",320,64.65,"50",0,0,"50",0,0,"50",0,0,"50",0,0,"50",0,0,"50",0,0,"50",0,0,"50",0,0,"50",0,0,"50",0,0,"50",0,0,"50",0,0,"50",0,0,"50",0,0,"50",0,0,"50",0,0,"50",0,0,"50",0,0,"50",0,0,"50",0,0
"Hoteles Grupo 2","RESPONDENT4","Female","24","Default","Scene","Mapping 2",119440,35875,"VrboPage",1077,"50",0,0,"50",0,0,"50",3,0.28,"50",25,2.32,"50",0,0,"50",0,0,"50",0,0,"50",150,13.93,"50",679,63.05,"50",58,5.39,"-50",0,0,"-50|50",621,57.66,"50",30,2.79,"50",0,0,"50",0,0,"50",61,5.66,"50",0,0,"50",0,0,"50",0,0,"50",0,0,"50",0,0,"50",0,0,"50",200,18.57,"50",0,0,"50",0,0,"50",0,0,"50",0,0,"50",0,0,"50",0,0,"50",0,0,"50",0,0,"50",0,0
"Hoteles Grupo 2","RESPONDENT4","Male","25","Default","Scene","Mapping 2",23694,18215,"VrboPage",546,"50",0,0,"50",0,0,"50",0,0,"50",0,0,"50",0,0,"50",0,0,"50",0,0,"50",0,0,"50",348,63.74,"50",0,0,"-50",0,0,"-50|50",348,63.74,"50",0,0,"50",0,0,"50",0,0,"50",0,0,"50",8,1.47,"50",0,0,"50",0,0,"50",0,0,"50",0,0,"50",0,0,"50",0,0,"50",0,0,"50",0,0,"50",0,0,"50",0,0,"50",0,0,"50",0,0,"50",0,0,"50",0,0,"50",0,0
"Hoteles Grupo 2","RESPONDENT4","Female","24","Default","Stimulus","HotelesPage",351481,131401,"",3946,"50",0,0,"50",0,0,"50",1,0.03,"50",102,2.58,"50",3,0.08,"50",0,0,"50",0,0,"50",173,4.38,"50",2426,61.48,"50",108,2.74,"-50",0,0,"-50|50",2318,58.74,"50",166,4.21,"50",2,0.05,"50",0,0,"50",111,2.81,"50",0,0,"50",28,0.71,"50",0,0,"50",0,0,"50",5,0.13,"50",4,0.1,"50",73,1.85,"50",0,0,"50",0,0,"50",0,0,"50",0,0,"50",0,0,"50",0,0,"50",1,0.03,"50",0,0,"50",15,0.38
"Hoteles Grupo 2","RESPONDENT4","Male","25","Default","Stimulus","HotelesPage",89126,54254,"",1629,"50",0,0,"50",0,0,"50",0,0,"50",0,0,"50",19,1.17,"50",0,0,"50",0,0,"50",21,1.29,"50",1034,63.47,"50",0,0,"-50",0,0,"-50|50",1034,63.47,"50",0,0,"50",42,2.58,"50",0,0,"50",0,0,"50",31,1.9,"50",8,0.49,"50",0,0,"50",0,0,"50",0,0,"50",5,0.31,"50",0,0,"50",0,0,"50",0,0,"50",0,0,"50",0,0,"50",9,0.55,"50",0,0,"50",0,0,"50",0,0,"50",0,0
"Hoteles Grupo 2","RESPONDENT4","Female","24","Default","Scene","Mapping Hoteles Inicio",352992,25969,"HotelesPage",780,"50",0,0,"50",0,0,"50",0,0,"50",0,0,"50",0,0,"50",0,0,"50",0,0,"50",6,0.77,"50",477,61.15,"50",0,0,"-50",0,0,"-50|50",477,61.15,"50",74,9.49,"50",0,0,"50",0,0,"50",0,0,"50",0,0,"50",26,3.33,"50",0,0,"50",0,0,"50",0,0,"50",0,0,"50",0,0,"50",0,0,"50",0,0,"50",0,0,"50",0,0,"50",0,0,"50",0,0,"50",1,0.13,"50",0,0,"50",0,0
"Hoteles Grupo 2","RESPONDENT4","Female","24","Default","Scene","Mapping Hoteles Buscador",378961,14246,"HotelesPage",428,"50",0,0,"50",0,0,"50",0,0,"50",0,0,"50",0,0,"50",0,0,"50",0,0,"50",0,0,"50",262,61.21,"50",0,0,"-50",0,0,"-50|50",262,61.21,"50",33,7.71,"50",0,0,"50",0,0,"50",0,0,"50",0,0,"50",0,0,"50",0,0,"50",0,0,"50",0,0,"50",0,0,"50",0,0,"50",0,0,"50",0,0,"50",0,0,"50",0,0,"50",0,0,"50",0,0,"50",0,0,"50",0,0,"50",0,0
"Hoteles Grupo 2","RESPONDENT4","Female","24","Default","Scene","Mapping Reserva",448241,15596,"HotelesPage",469,"50",0,0,"50",0,0,"50",0,0,"50",0,0,"50",0,0,"50",0,0,"50",0,0,"50",0,0,"50",293,62.47,"50",0,0,"-50",0,0,"-50|50",293,62.47,"50",0,0,"50",0,0,"50",0,0,"50",0,0,"50",0,0,"50",0,0,"50",0,0,"50",0,0,"50",0,0,"50",0,0,"50",0,0,"50",0,0,"50",0,0,"50",0,0,"50",0,0,"50",0,0,"50",0,0,"50",0,0,"50",0,0,"50",0,0
"Hoteles Grupo 2","RESPONDENT4","Female","24","Default","Stimulus","AgodaPage",541371,107953,"",3243,"50",0,0,"50",0,0,"50",0,0,"50",67,2.07,"50",0,0,"50",0,0,"50",0,0,"50",119,3.67,"50",2026,62.47,"50",63,1.94,"-50",0,0,"-50|50",1963,60.53,"50",2,0.06,"50",0,0,"50",0,0,"50",104,3.21,"50",0,0,"50",2,0.06,"50",0,0,"50",0,0,"50",70,2.16,"50",53,1.63,"50",0,0,"50",2,0.06,"50",0,0,"50",21,0.65,"50",0,0,"50",0,0,"50",0,0,"50",8,0.25,"50",32,0.99,"50",0,0
"Hoteles Grupo 2","RESPONDENT4","Male","25","Default","Stimulus","AgodaPage",153754,108361,"",3254,"50",0,0,"50",0,0,"50",0,0,"50",0,0,"50",0,0,"50",0,0,"50",0,0,"50",0,0,"50",2119,65.12,"50",0,0,"-50",0,0,"-50|50",2119,65.12,"50",0,0,"50",0,0,"50",0,0,"50",0,0,"50",0,0,"50",6,0.18,"50",0,0,"50",0,0,"50",0,0,"50",0,0,"50",1,0.03,"50",0,0,"50",0,0,"50",0,0,"50",0,0,"50",0,0,"50",0,0,"50",0,0,"50",0,0,"50",0,0
"Hoteles Grupo 2","RESPONDENT4","Female","24","Default","Stimulus","VrboPage2",707741,269325,"",8090,"50",5,0.06,"50",0,0,"50",53,0.66,"50",696,8.6,"50",19,0.23,"50",0,0,"50",0,0,"50",1382,17.08,"50",5050,62.42,"50",647,8,"-50",20,0.25,"-50|50",4383,54.18,"50",161,1.99,"50",38,0.47,"50",0,0,"50",790,9.77,"50",34,0.42,"50",45,0.56,"50",48,0.59,"50",30,0.37,"50",420,5.19,"50",171,2.11,"50",1139,14.08,"50",47,0.58,"50",0,0,"50",74,0.91,"50",290,3.58,"50",239,2.95,"50",51,0.63,"50",9,0.11,"50",252,3.11,"50",248,3.07
"Hoteles Grupo 2","RESPONDENT4","Male","25","Default","Stimulus","VrboPage2",272801,100920,"",3030,"50",0,0,"50",0,0,"50",0,0,"50",0,0,"50",0,0,"50",0,0,"50",0,0,"50",0,0,"50",1915,63.2,"50",0,0,"-50",0,0,"-50|50",1923,63.47,"50",0,0,"50",1,0.03,"50",0,0,"50",0,0,"50",0,0,"50",6,0.2,"50",0,0,"50",0,0,"50",0,0,"50",21,0.69,"50",0,0,"50",0,0,"50",0,0,"50",0,0,"50",0,0,"50",23,0.76,"50",0,0,"50",0,0,"50",21,0.69,"50",0,0
"Hoteles Grupo 2","RESPONDENT4","Female","24","Default","Stimulus","HotelesPage2",1036408,118302,"",3552,"50",0,0,"50",0,0,"50",0,0,"50",144,4.05,"50",0,0,"50",9,0.25,"50",0,0,"50",200,5.63,"50",2232,62.84,"50",190,5.35,"-50",0,0,"-50|50",2042,57.49,"50",23,0.65,"50",0,0,"50",0,0,"50",200,5.63,"50",0,0,"50",0,0,"50",0,0,"50",0,0,"50",0,0,"50",0,0,"50",45,1.27,"50",19,0.53,"50",0,0,"50",68,1.91,"50",50,1.41,"50",35,0.99,"50",26,0.73,"50",23,0.65,"50",26,0.73,"50",217,6.11
"Hoteles Grupo 2","RESPONDENT4","Male","25","Default","Stimulus","HotelesPage2",383269,34746,"",1043,"50",4,0.38,"50",0,0,"50",0,0,"50",0,0,"50",0,0,"50",0,0,"50",0,0,"50",23,2.21,"50",677,64.91,"50",0,0,"-50",0,0,"-50|50",677,64.91,"50",11,1.05,"50",0,0,"50",0,0,"50",0,0,"50",0,0,"50",6,0.58,"50",0,0,"50",0,0,"50",0,0,"50",6,0.58,"50",44,4.22,"50",0,0,"50",0,0,"50",0,0,"50",0,0,"50",8,0.77,"50",0,0,"50",14,1.34,"50",7,0.67,"50",41,3.93
"Hoteles Grupo 2","RESPONDENT4","Female","24","Default","Stimulus","AgodaPage2",1213194,111695,"",3355,"50",0,0,"50",3,0.09,"50",0,0,"50",65,1.94,"50",0,0,"50",18,0.54,"50",0,0,"50",117,3.49,"50",2095,62.44,"50",79,2.35,"-50",3,0.09,"-50|50",2013,60,"50",8,0.24,"50",0,0,"50",19,0.57,"50",84,2.5,"50",0,0,"50",2,0.06,"50",0,0,"50",0,0,"50",0,0,"50",0,0,"50",142,4.23,"50",1,0.03,"50",0,0,"50",76,2.27,"50",0,0,"50",281,8.38,"50",89,2.65,"50",107,3.19,"50",13,0.39,"50",144,4.29
"Hoteles Grupo 2","RESPONDENT4","Male","25","Default","Stimulus","AgodaPage2",427235,43232,"",1298,"50",0,0,"50",0,0,"50",0,0,"50",0,0,"50",0,0,"50",16,1.23,"50",0,0,"50",0,0,"50",852,65.64,"50",0,0,"-50",0,0,"-50|50",852,65.64,"50",0,0,"50",18,1.39,"50",0,0,"50",0,0,"50",0,0,"50",12,0.92,"50",0,0,"50",0,0,"50",0,0,"50",0,0,"50",0,0,"50",0,0,"50",0,0,"50",0,0,"50",0,0,"50",0,0,"50",129,9.94,"50",0,0,"50",0,0,"50",0,0
"Hoteles Grupo 2","RESPONDENT4","Female","24","Default","Stimulus","VrboPage3",1383314,122648,"",3682,"50",19,0.52,"50",0,0,"50",0,0,"50",265,7.2,"50",0,0,"50",2,0.05,"50",0,0,"50",370,10.05,"50",2283,62,"50",307,8.34,"-50",0,0,"-50|50",1976,53.67,"50",35,0.95,"50",0,0,"50",0,0,"50",313,8.5,"50",9,0.24,"50",1,0.03,"50",0,0,"50",0,0,"50",0,0,"50",2,0.05,"50",408,11.08,"50",0,0,"50",0,0,"50",336,9.13,"50",46,1.25,"50",263,7.14,"50",170,4.62,"50",33,0.9,"50",147,3.99,"50",156,4.24
"Hoteles Grupo 2","RESPONDENT4","Male","25","Default","Stimulus","VrboPage3",479859,52104,"",1564,"50",0,0,"50",0,0,"50",0,0,"50",0,0,"50",0,0,"50",0,0,"50",0,0,"50",0,0,"50",1028,65.73,"50",0,0,"-50",0,0,"-50|50",1028,65.73,"50",0,0,"50",0,0,"50",0,0,"50",0,0,"50",42,2.69,"50",6,0.38,"50",0,0,"50",0,0,"50",0,0,"50",0,0,"50",0,0,"50",0,0,"50",0,0,"50",0,0,"50",0,0,"50",0,0,"50",0,0,"50",0,0,"50",0,0,"50",0,0
"Hoteles Grupo 2","RESPONDENT4","Female","24","Default","Stimulus","HotelesPage3",1565594,166325,"",4996,"50",0,0,"50",0,0,"50",0,0,"50",43,0.86,"50",0,0,"50",46,0.92,"50",0,0,"50",197,3.94,"50",2914,58.33,"50",42,0.84,"-50",0,0,"-50|50",2877,57.59,"50",0,0,"50",0,0,"50",86,1.72,"50",45,0.9,"50",0,0,"50",8,0.16,"50",0,0,"50",0,0,"50",28,0.56,"50",4,0.08,"50",0,0,"50",1,0.02,"50",0,0,"50",731,14.63,"50",0,0,"50",650,13.01,"50",506,10.13,"50",220,4.4,"50",39,0.78,"50",136,2.72
"Hoteles Grupo 2","RESPONDENT4","Male","25","Default","Stimulus","HotelesPage3",549539,78670,"",2363,"50",0,0,"50",0,0,"50",0,0,"50",0,0,"50",15,0.63,"50",0,0,"50",0,0,"50",34,1.44,"50",1493,63.18,"50",0,0,"-50",0,0,"-50|50",1493,63.18,"50",0,0,"50",38,1.61,"50",0,0,"50",0,0,"50",10,0.42,"50",9,0.38,"50",0,0,"50",0,0,"50",0,0,"50",0,0,"50",0,0,"50",0,0,"50",0,0,"50",0,0,"50",0,0,"50",0,0,"50",32,1.35,"50",0,0,"50",0,0,"50",0,0
"Hoteles Grupo 2","RESPONDENT4","Female","24","Default","Stimulus","AgodaPage3",1790376,178385,"",5357,"50",11,0.21,"50",16,0.3,"50",0,0,"50",127,2.37,"50",0,0,"50",0,0,"50",0,0,"50",209,3.9,"50",2852,53.24,"50",103,1.92,"-50",20,0.37,"-50|50",2729,50.94,"50",27,0.5,"50",0,0,"50",119,2.22,"50",143,2.67,"50",0,0,"50",2,0.04,"50",0,0,"50",0,0,"50",22,0.41,"50",64,1.19,"50",23,0.43,"50",23,0.43,"50",0,0,"50",322,6.01,"50",3,0.06,"50",589,10.99,"50",345,6.44,"50",144,2.69,"50",119,2.22,"50",1,0.02
"Hoteles Grupo 2","RESPONDENT4","Male","25","Default","Stimulus","AgodaPage3",637279,65159,"",1957,"50",0,0,"50",0,0,"50",0,0,"50",0,0,"50",0,0,"50",0,0,"50",0,0,"50",0,0,"50",1243,63.52,"50",0,0,"-50",0,0,"-50|50",1243,63.52,"50",0,0,"50",0,0,"50",0,0,"50",0,0,"50",0,0,"50",19,0.97,"50",0,0,"50",0,0,"50",0,0,"50",0,0,"50",0,0,"50",0,0,"50",0,0,"50",0,0,"50",0,0,"50",0,0,"50",0,0,"50",0,0,"50",0,0,"50",0,0
"Hoteles Grupo 2","RESPONDENT5","Male","20","Default","Stimulus","VrboPage",40918,243132,"",7301,"50",0,0,"50",0,0,"50",29,0.4,"50",0,0,"50",0,0,"50",0,0,"50",0,0,"50",188,2.57,"50",4599,62.99,"50",0,0,"-50",6,0.08,"-50|50",4596,62.95,"50",0,0,"50",0,0,"50",0,0,"50",0,0,"50",0,0,"50",1,0.01,"50",10,0.14,"50",16,0.22,"50",0,0,"50",0,0,"50",776,10.63,"50",0,0,"50",0,0,"50",19,0.26,"50",0,0,"50",0,0,"50",101,1.38,"50",0,0,"50",0,0,"50",358,4.9
"Hoteles Grupo 2","RESPONDENT5","Male","20","Default","Scene","Mapping Vrbo",40918,54453,"VrboPage",1634,"50",0,0,"50",0,0,"50",0,0,"50",0,0,"50",0,0,"50",0,0,"50",0,0,"50",19,1.16,"50",1024,62.67,"50",0,0,"-50",0,0,"-50|50",1024,62.67,"50",0,0,"50",0,0,"50",0,0,"50",0,0,"50",0,0,"50",0,0,"50",0,0,"50",0,0,"50",0,0,"50",0,0,"50",145,8.87,"50",0,0,"50",0,0,"50",0,0,"50",0,0,"50",0,0,"50",16,0.98,"50",0,0,"50",0,0,"50",0,0
"Hoteles Grupo 2","RESPONDENT5","Male","20","Default","Scene","Mapping 2",105776,31770,"VrboPage",954,"50",0,0,"50",0,0,"50",29,3.04,"50",0,0,"50",0,0,"50",0,0,"50",0,0,"50",149,15.62,"50",599,62.79,"50",0,0,"-50",6,0.63,"-50|50",593,62.16,"50",0,0,"50",0,0,"50",0,0,"50",0,0,"50",0,0,"50",1,0.1,"50",10,1.05,"50",16,1.68,"50",0,0,"50",0,0,"50",447,46.86,"50",0,0,"50",0,0,"50",16,1.68,"50",0,0,"50",0,0,"50",79,8.28,"50",0,0,"50",0,0,"50",247,25.89
"Hoteles Grupo 2","RESPONDENT5","Male","20","Default","Scene","Mapping Vrbo Resrva",230076,6200,"VrboPage",187,"50",0,0,"50",0,0,"50",0,0,"50",0,0,"50",0,0,"50",0,0,"50",0,0,"50",0,0,"50",120,64.17,"50",0,0,"-50",0,0,"-50|50",120,64.17,"50",0,0,"50",0,0,"50",0,0,"50",0,0,"50",0,0,"50",0,0,"50",0,0,"50",0,0,"50",0,0,"50",0,0,"50",0,0,"50",0,0,"50",0,0,"50",0,0,"50",0,0,"50",0,0,"50",0,0,"50",0,0,"50",0,0,"50",0,0
"Hoteles Grupo 2","RESPONDENT5","Male","20","Default","Stimulus","HotelesPage",687440,486160,"",14602,"50",0,0,"50",0,0,"50",109,0.75,"50",50,0.34,"50",4,0.03,"50",0,0,"50",0,0,"50",572,3.92,"50",9108,62.38,"50",35,0.24,"-50",43,0.29,"-50|50",9242,63.29,"50",0,0,"50",4,0.03,"50",0,0,"50",80,0.55,"50",0,0,"50",1,0.01,"50",86,0.59,"50",127,0.87,"50",0,0,"50",35,0.24,"50",921,6.31,"50",0,0,"50",0,0,"50",22,0.15,"50",0,0,"50",49,0.34,"50",51,0.35,"50",0,0,"50",0,0,"50",493,3.38
"Hoteles Grupo 2","RESPONDENT5","Male","20","Default","Scene","Mapping Hoteles Inicio",687440,37866,"HotelesPage",1137,"50",0,0,"50",0,0,"50",7,0.62,"50",0,0,"50",0,0,"50",0,0,"50",0,0,"50",10,0.88,"50",729,64.12,"50",0,0,"-50",6,0.53,"-50|50",723,63.59,"50",0,0,"50",0,0,"50",0,0,"50",0,0,"50",0,0,"50",0,0,"50",6,0.53,"50",6,0.53,"50",0,0,"50",1,0.09,"50",94,8.27,"50",0,0,"50",0,0,"50",14,1.23,"50",0,0,"50",3,0.26,"50",0,0,"50",0,0,"50",0,0,"50",61,5.36
"Hoteles Grupo 2","RESPONDENT5","Male","20","Default","Scene","Mapping Hoteles Buscador",727941,38420,"HotelesPage",1154,"50",0,0,"50",0,0,"50",0,0,"50",0,0,"50",0,0,"50",0,0,"50",0,0,"50",0,0,"50",730,63.26,"50",0,0,"-50",0,0,"-50|50",730,63.26,"50",0,0,"50",0,0,"50",0,0,"50",0,0,"50",0,0,"50",0,0,"50",0,0,"50",0,0,"50",0,0,"50",0,0,"50",0,0,"50",0,0,"50",0,0,"50",0,0,"50",0,0,"50",0,0,"50",0,0,"50",0,0,"50",0,0,"50",0,0
"Hoteles Grupo 2","RESPONDENT5","Male","20","Default","Scene","Mapping Reserva",1138776,13843,"HotelesPage",415,"50",0,0,"50",0,0,"50",0,0,"50",0,0,"50",0,0,"50",0,0,"50",0,0,"50",0,0,"50",266,64.1,"50",0,0,"-50",0,0,"-50|50",266,64.1,"50",0,0,"50",0,0,"50",0,0,"50",0,0,"50",0,0,"50",0,0,"50",0,0,"50",0,0,"50",0,0,"50",0,0,"50",0,0,"50",0,0,"50",0,0,"50",0,0,"50",0,0,"50",0,0,"50",0,0,"50",0,0,"50",0,0,"50",0,0
"Hoteles Grupo 2","RESPONDENT5","Male","20","Default","Stimulus","AgodaPage",310074,358721,"",10775,"50",0,0,"50",0,0,"50",121,1.12,"50",0,0,"50",148,1.37,"50",0,0,"50",0,0,"50",488,4.53,"50",6501,60.33,"50",0,0,"-50",32,0.3,"-50|50",6694,62.13,"50",0,0,"50",155,1.44,"50",0,0,"50",2,0.02,"50",0,0,"50",1,0.01,"50",46,0.43,"50",155,1.44,"50",0,0,"50",32,0.3,"50",579,5.37,"50",0,0,"50",0,0,"50",174,1.61,"50",0,0,"50",9,0.08,"50",49,0.45,"50",0,0,"50",0,0,"50",302,2.8
"Hoteles Grupo 2","RESPONDENT5","Male","20","Default","Scene","Mapping Inicio",313936,52629,"AgodaPage",1580,"50",0,0,"50",0,0,"50",0,0,"50",0,0,"50",0,0,"50",0,0,"50",0,0,"50",0,0,"50",994,62.91,"50",0,0,"-50",0,0,"-50|50",994,62.91,"50",0,0,"50",0,0,"50",0,0,"50",0,0,"50",0,0,"50",0,0,"50",0,0,"50",0,0,"50",0,0,"50",0,0,"50",0,0,"50",0,0,"50",0,0,"50",0,0,"50",0,0,"50",0,0,"50",0,0,"50",0,0,"50",0,0,"50",0,0
"Hoteles Grupo 2","RESPONDENT5","Male","20","Default","Scene","Mapping Buscador",373629,14563,"AgodaPage",437,"50",0,0,"50",0,0,"50",0,0,"50",0,0,"50",0,0,"50",0,0,"50",0,0,"50",0,0,"50",286,65.45,"50",0,0,"-50",0,0,"-50|50",286,65.45,"50",0,0,"50",0,0,"50",0,0,"50",0,0,"50",0,0,"50",0,0,"50",0,0,"50",0,0,"50",0,0,"50",0,0,"50",0,0,"50",0,0,"50",0,0,"50",0,0,"50",0,0,"50",0,0,"50",0,0,"50",0,0,"50",0,0,"50",0,0
"Hoteles Grupo 2","RESPONDENT5","Male","20","Default","Scene","Mapping Agoda Reserva",457048,23060,"AgodaPage",693,"50",0,0,"50",0,0,"50",0,0,"50",0,0,"50",0,0,"50",0,0,"50",0,0,"50",0,0,"50",430,62.05,"50",0,0,"-50",0,0,"-50|50",430,62.05,"50",0,0,"50",0,0,"50",0,0,"50",0,0,"50",0,0,"50",0,0,"50",0,0,"50",0,0,"50",0,0,"50",0,0,"50",0,0,"50",0,0,"50",0,0,"50",0,0,"50",0,0,"50",0,0,"50",0,0,"50",0,0,"50",0,0,"50",0,0
"Hoteles Grupo 2","RESPONDENT5","Male","20","Default","Stimulus","VrboPage2",1213723,168440,"",5059,"50",0,0,"50",0,0,"50",68,1.34,"50",0,0,"50",61,1.21,"50",0,0,"50",0,0,"50",134,2.65,"50",3139,62.05,"50",0,0,"-50",37,0.73,"-50|50",3147,62.21,"50",0,0,"50",51,1.01,"50",0,0,"50",2,0.04,"50",0,0,"50",0,0,"50",55,1.09,"50",49,0.97,"50",0,0,"50",0,0,"50",165,3.26,"50",0,0,"50",0,0,"50",0,0,"50",0,0,"50",0,0,"50",1,0.02,"50",0,0,"50",0,0,"50",131,2.59
"Hoteles Grupo 2","RESPONDENT5","Male","20","Default","Stimulus","HotelesPage2",1588932,147494,"",4431,"50",0,0,"50",0,0,"50",0,0,"50",0,0,"50",0,0,"50",0,0,"50",0,0,"50",0,0,"50",2749,62.04,"50",0,0,"-50",0,0,"-50|50",2749,62.04,"50",0,0,"50",0,0,"50",0,0,"50",0,0,"50",0,0,"50",0,0,"50",0,0,"50",0,0,"50",0,0,"50",0,0,"50",0,0,"50",0,0,"50",0,0,"50",0,0,"50",0,0,"50",0,0,"50",0,0,"50",0,0,"50",0,0,"50",0,0
"Hoteles Grupo 2","RESPONDENT5","Male","20","Default","Stimulus","AgodaPage2",1405244,165926,"",4983,"50",0,0,"50",0,0,"50",0,0,"50",0,0,"50",0,0,"50",0,0,"50",0,0,"50",0,0,"50",3130,62.81,"50",0,0,"-50",0,0,"-50|50",3130,62.81,"50",0,0,"50",0,0,"50",0,0,"50",0,0,"50",0,0,"50",1,0.02,"50",0,0,"50",0,0,"50",0,0,"50",0,0,"50",0,0,"50",0,0,"50",0,0,"50",19,0.38,"50",0,0,"50",0,0,"50",0,0,"50",0,0,"50",0,0,"50",0,0
"Hoteles Grupo 2","RESPONDENT5","Male","20","Default","Stimulus","VrboPage3",1771170,181999,"",5467,"50",0,0,"50",0,0,"50",0,0,"50",0,0,"50",0,0,"50",0,0,"50",0,0,"50",0,0,"50",3479,63.64,"50",0,0,"-50",0,0,"-50|50",3479,63.64,"50",0,0,"50",0,0,"50",0,0,"50",0,0,"50",0,0,"50",0,0,"50",0,0,"50",0,0,"50",0,0,"50",0,0,"50",0,0,"50",0,0,"50",0,0,"50",1,0.02,"50",0,0,"50",0,0,"50",1,0.02,"50",0,0,"50",0,0,"50",0,0
"Hoteles Grupo 2","RESPONDENT5","Male","20","Default","Stimulus","HotelesPage3",2072341,126529,"",3800,"50",0,0,"50",0,0,"50",0,0,"50",0,0,"50",0,0,"50",0,0,"50",0,0,"50",0,0,"50",2396,63.05,"50",0,0,"-50",0,0,"-50|50",2403,63.24,"50",0,0,"50",0,0,"50",0,0,"50",0,0,"50",0,0,"50",0,0,"50",0,0,"50",0,0,"50",0,0,"50",0,0,"50",0,0,"50",0,0,"50",0,0,"50",0,0,"50",0,0,"50",0,0,"50",4,0.11,"50",0,0,"50",0,0,"50",0,0
"Hoteles Grupo 2","RESPONDENT5","Male","20","Default","Stimulus","AgodaPage3",1969623,90464,"",2717,"50",0,0,"50",0,0,"50",0,0,"50",0,0,"50",0,0,"50",0,0,"50",0,0,"50",4,0.15,"50",1713,63.05,"50",0,0,"-50",0,0,"-50|50",1713,63.05,"50",0,0,"50",0,0,"50",0,0,"50",0,0,"50",0,0,"50",0,0,"50",0,0,"50",0,0,"50",0,0,"50",0,0,"50",122,4.49,"50",0,0,"50",0,0,"50",0,0,"50",0,0,"50",0,0,"50",9,0.33,"50",0,0,"50",0,0,"50",121,4.45
"Hoteles Grupo 2","RESPONDENT6","Male","24","Default","Stimulus","VrboPage",500077,283270,"",8509,"50",0,0,"50",0,0,"50",0,0,"50",0,0,"50",0,0,"50",0,0,"50",0,0,"50",90,1.06,"50",5394,63.39,"50",0,0,"-50",0,0,"-50|50",5400,63.46,"50",0,0,"50",0,0,"50",0,0,"50",0,0,"50",0,0,"50",9,0.11,"50",0,0,"50",0,0,"50",0,0,"50",0,0,"50",135,1.59,"50",0,0,"50",0,0,"50",0,0,"50",0,0,"50",0,0,"50",0,0,"50",0,0,"50",0,0,"50",0,0
"Hoteles Grupo 2","RESPONDENT6","Male","24","Default","Scene","Mapping Vrbo",500077,67157,"VrboPage",2018,"50",0,0,"50",0,0,"50",0,0,"50",0,0,"50",0,0,"50",0,0,"50",0,0,"50",0,0,"50",1268,62.83,"50",0,0,"-50",0,0,"-50|50",1268,62.83,"50",0,0,"50",0,0,"50",0,0,"50",0,0,"50",0,0,"50",2,0.1,"50",0,0,"50",0,0,"50",0,0,"50",0,0,"50",0,0,"50",0,0,"50",0,0,"50",0,0,"50",0,0,"50",0,0,"50",0,0,"50",0,0,"50",0,0,"50",0,0
"Hoteles Grupo 2","RESPONDENT6","Male","24","Default","Scene","Mapping 2",574751,64894,"VrboPage",1949,"50",0,0,"50",0,0,"50",0,0,"50",0,0,"50",0,0,"50",0,0,"50",0,0,"50",0,0,"50",1234,63.31,"50",0,0,"-50",0,0,"-50|50",1234,63.31,"50",0,0,"50",0,0,"50",0,0,"50",0,0,"50",0,0,"50",0,0,"50",0,0,"50",0,0,"50",0,0,"50",0,0,"50",0,0,"50",0,0,"50",0,0,"50",0,0,"50",0,0,"50",0,0,"50",0,0,"50",0,0,"50",0,0,"50",0,0
"Hoteles Grupo 2","RESPONDENT6","Male","24","Default","Stimulus","HotelesPage",815350,365877,"",10990,"50",0,0,"50",0,0,"50",0,0,"50",54,0.49,"50",0,0,"50",0,0,"50",0,0,"50",118,1.07,"50",6883,62.63,"50",55,0.5,"-50",0,0,"-50|50",6828,62.13,"50",0,0,"50",0,0,"50",0,0,"50",59,0.54,"50",0,0,"50",24,0.22,"50",0,0,"50",0,0,"50",0,0,"50",0,0,"50",517,4.7,"50",0,0,"50",0,0,"50",0,0,"50",0,0,"50",10,0.09,"50",0,0,"50",0,0,"50",23,0.21,"50",3,0.03
"Hoteles Grupo 2","RESPONDENT6","Male","24","Default","Stimulus","AgodaPage",36533,437990,"",13154,"50",0,0,"50",0,0,"50",4,0.03,"50",0,0,"50",0,0,"50",0,0,"50",0,0,"50",90,0.68,"50",8243,62.67,"50",0,0,"-50",0,0,"-50|50",8243,62.67,"50",0,0,"50",0,0,"50",0,0,"50",0,0,"50",0,0,"50",21,0.16,"50",3,0.02,"50",0,0,"50",0,0,"50",1,0.01,"50",345,2.62,"50",0,0,"50",0,0,"50",12,0.09,"50",0,0,"50",0,0,"50",0,0,"50",0,0,"50",0,0,"50",5,0.04
"Hoteles Grupo 2","RESPONDENT6","Male","24","Default","Stimulus","VrboPage2",1511808,510349,"",15296,"50",0,0,"50",0,0,"50",4,0.03,"50",252,1.65,"50",103,0.67,"50",0,0,"50",0,0,"50",1046,6.84,"50",9363,61.21,"50",259,1.69,"-50",8,0.05,"-50|50",9328,60.98,"50",0,0,"50",272,1.78,"50",0,0,"50",278,1.82,"50",127,0.83,"50",83,0.54,"50",0,0,"50",0,0,"50",0,0,"50",22,0.14,"50",1624,10.62,"50",43,0.28,"50",0,0,"50",18,0.12,"50",35,0.23,"50",11,0.07,"50",0,0,"50",0,0,"50",5,0.03,"50",7,0.05
"Hoteles Grupo 2","RESPONDENT6","Male","24","Default","Stimulus","HotelesPage2",2047396,197088,"",5919,"50",0,0,"50",0,0,"50",0,0,"50",0,0,"50",0,0,"50",0,0,"50",0,0,"50",0,0,"50",3700,62.51,"50",0,0,"-50",0,0,"-50|50",3700,62.51,"50",0,0,"50",0,0,"50",0,0,"50",0,0,"50",23,0.39,"50",0,0,"50",0,0,"50",0,0,"50",0,0,"50",0,0,"50",40,0.68,"50",0,0,"50",0,0,"50",0,0,"50",0,0,"50",0,0,"50",0,0,"50",0,0,"50",0,0,"50",0,0
"Hoteles Grupo 2","RESPONDENT6","Male","24","Default","Stimulus","AgodaPage2",1210886,276601,"",8308,"50",0,0,"50",0,0,"50",43,0.52,"50",26,0.31,"50",0,0,"50",0,0,"50",0,0,"50",74,0.89,"50",5264,63.36,"50",7,0.08,"-50",181,2.18,"-50|50",5104,61.43,"50",3,0.04,"50",0,0,"50",4,0.05,"50",49,0.59,"50",0,0,"50",10,0.12,"50",52,0.63,"50",17,0.2,"50",238,2.86,"50",235,2.83,"50",136,1.64,"50",140,1.69,"50",0,0,"50",141,1.7,"50",0,0,"50",329,3.96,"50",9,0.11,"50",5,0.06,"50",172,2.07,"50",0,0
"Hoteles Grupo 2","RESPONDENT6","Male","24","Default","Stimulus","VrboPage3",2482281,216117,"",6492,"50",0,0,"50",0,0,"50",0,0,"50",113,1.74,"50",59,0.91,"50",0,0,"50",0,0,"50",587,9.04,"50",4136,63.71,"50",92,1.42,"-50",0,0,"-50|50",4066,62.63,"50",0,0,"50",99,1.52,"50",0,0,"50",117,1.8,"50",473,7.29,"50",4,0.06,"50",0,0,"50",0,0,"50",1,0.02,"50",2,0.03,"50",295,4.54,"50",7,0.11,"50",0,0,"50",511,7.87,"50",69,1.06,"50",116,1.79,"50",27,0.42,"50",0,0,"50",129,1.99,"50",34,0.52
"Hoteles Grupo 2","RESPONDENT6","Male","24","Default","Stimulus","HotelesPage3",2719450,86069,"",2586,"50",0,0,"50",0,0,"50",0,0,"50",0,0,"50",8,0.31,"50",0,0,"50",0,0,"50",12,0.46,"50",1585,61.29,"50",0,0,"-50",2,0.08,"-50|50",1606,62.1,"50",0,0,"50",13,0.5,"50",2,0.08,"50",0,0,"50",8,0.31,"50",1,0.04,"50",0,0,"50",0,0,"50",0,0,"50",0,0,"50",0,0,"50",0,0,"50",0,0,"50",65,2.51,"50",0,0,"50",0,0,"50",0,0,"50",0,0,"50",0,0,"50",0,0
"Hoteles Grupo 2","RESPONDENT6","Male","24","Default","Stimulus","AgodaPage3",2268180,197898,"",5945,"50",0,0,"50",0,0,"50",1,0.02,"50",0,0,"50",22,0.37,"50",0,0,"50",0,0,"50",51,0.86,"50",3731,62.76,"50",0,0,"-50",0,0,"-50|50",3732,62.78,"50",3,0.05,"50",18,0.3,"50",0,0,"50",0,0,"50",131,2.2,"50",7,0.12,"50",0,0,"50",0,0,"50",0,0,"50",1,0.02,"50",327,5.5,"50",8,0.13,"50",0,0,"50",9,0.15,"50",0,0,"50",0,0,"50",0,0,"50",0,0,"50",0,0,"50",153,2.57
"Hoteles Grupo 2","RESPONDENT7","Female","54","Default","Stimulus","VrboPage",456679,97203,"",2919,"50",0,0,"50",0,0,"50",0,0,"50",0,0,"50",0,0,"50",0,0,"50",0,0,"50",358,12.26,"50",1863,63.82,"50",0,0,"-50",0,0,"-50|50",1867,63.96,"50",467,16,"50",0,0,"50",0,0,"50",0,0,"50",0,0,"50",6,0.21,"50",0,0,"50",0,0,"50",7,0.24,"50",4,0.14,"50",0,0,"50",0,0,"50",0,0,"50",524,17.95,"50",0,0,"50",22,0.75,"50",51,1.75,"50",197,6.75,"50",0,0,"50",212,7.26
"Hoteles Grupo 2","RESPONDENT7","Female","54","Default","Scene","Mapping Vrbo",456679,33247,"VrboPage",997,"50",0,0,"50",0,0,"50",0,0,"50",0,0,"50",0,0,"50",0,0,"50",0,0,"50",272,27.28,"50",638,63.99,"50",0,0,"-50",0,0,"-50|50",638,63.99,"50",279,27.98,"50",0,0,"50",0,0,"50",0,0,"50",0,0,"50",3,0.3,"50",0,0,"50",0,0,"50",0,0,"50",0,0,"50",0,0,"50",0,0,"50",0,0,"50",201,20.16,"50",0,0,"50",0,0,"50",9,0.9,"50",0,0,"50",0,0,"50",211,21.16
"Hoteles Grupo 2","RESPONDENT7","Female","54","Default","Scene","Mapping 2",493365,18966,"VrboPage",569,"50",0,0,"50",0,0,"50",0,0,"50",0,0,"50",0,0,"50",0,0,"50",0,0,"50",71,12.48,"50",352,61.86,"50",0,0,"-50",0,0,"-50|50",356,62.57,"50",111,19.51,"50",0,0,"50",0,0,"50",0,0,"50",0,0,"50",0,0,"50",0,0,"50",0,0,"50",7,1.23,"50",0,0,"50",0,0,"50",0,0,"50",0,0,"50",88,15.47,"50",0,0,"50",0,0,"50",39,6.85,"50",0,0,"50",0,0,"50",1,0.18
"Hoteles Grupo 2","RESPONDENT7","Female","54","Default","Scene","Mapping Vrbo Resrva",536677,6267,"VrboPage",188,"50",0,0,"50",0,0,"50",0,0,"50",0,0,"50",0,0,"50",0,0,"50",0,0,"50",0,0,"50",126,67.02,"50",0,0,"-50",0,0,"-50|50",126,67.02,"50",0,0,"50",0,0,"50",0,0,"50",0,0,"50",0,0,"50",0,0,"50",0,0,"50",0,0,"50",0,0,"50",4,2.13,"50",0,0,"50",0,0,"50",0,0,"50",0,0,"50",0,0,"50",22,11.7,"50",0,0,"50",92,48.94,"50",0,0,"50",0,0
"Hoteles Grupo 2","RESPONDENT7","Female","54","Default","Stimulus","HotelesPage",36952,137579,"",4131,"50",0,0,"50",0,0,"50",0,0,"50",0,0,"50",0,0,"50",0,0,"50",60,1.45,"50",71,1.72,"50",2496,60.42,"50",0,0,"-50",51,1.23,"-50|50",2561,61.99,"50",25,0.61,"50",9,0.22,"50",44,1.07,"50",0,0,"50",45,1.09,"50",12,0.29,"50",0,0,"50",0,0,"50",45,1.09,"50",150,3.63,"50",108,2.61,"50",58,1.4,"50",63,1.53,"50",94,2.28,"50",0,0,"50",202,4.89,"50",0,0,"50",497,12.03,"50",39,0.94,"50",589,14.26
"Hoteles Grupo 2","RESPONDENT7","Female","54","Default","Stimulus","AgodaPage",195880,224430,"",6737,"50",0,0,"50",0,0,"50",0,0,"50",68,1.01,"50",0,0,"50",0,0,"50",10,0.15,"50",204,3.03,"50",3750,55.66,"50",47,0.7,"-50",15,0.22,"-50|50",3694,54.83,"50",25,0.37,"50",0,0,"50",0,0,"50",70,1.04,"50",0,0,"50",28,0.42,"50",0,0,"50",0,0,"50",77,1.14,"50",56,0.83,"50",122,1.81,"50",0,0,"50",23,0.34,"50",337,5,"50",7,0.1,"50",91,1.35,"50",38,0.56,"50",241,3.58,"50",69,1.02,"50",62,0.92
"Hoteles Grupo 2","RESPONDENT7","Female","54","Default","Stimulus","VrboPage2",833222,50850,"",1527,"50",0,0,"50",0,0,"50",0,0,"50",0,0,"50",0,0,"50",0,0,"50",0,0,"50",2,0.13,"50",695,45.51,"50",0,0,"-50",11,0.72,"-50|50",765,50.1,"50",13,0.85,"50",7,0.46,"50",9,0.59,"50",0,0,"50",0,0,"50",2,0.13,"50",0,0,"50",0,0,"50",19,1.24,"50",30,1.96,"50",15,0.98,"50",0,0,"50",0,0,"50",43,2.82,"50",0,0,"50",14,0.92,"50",7,0.46,"50",16,1.05,"50",0,0,"50",132,8.64
"Hoteles Grupo 2","RESPONDENT7","Female","54","Default","Stimulus","HotelesPage2",588780,88101,"",2646,"50",0,0,"50",0,0,"50",0,0,"50",0,0,"50",91,3.44,"50",1,0.04,"50",0,0,"50",305,11.53,"50",1666,62.96,"50",0,0,"-50",8,0.3,"-50|50",1684,63.64,"50",0,0,"50",245,9.26,"50",0,0,"50",0,0,"50",0,0,"50",12,0.45,"50",0,0,"50",0,0,"50",62,2.34,"50",11,0.42,"50",258,9.75,"50",0,0,"50",0,0,"50",154,5.82,"50",0,0,"50",13,0.49,"50",461,17.42,"50",0,0,"50",4,0.15,"50",69,2.61
"Hoteles Grupo 2","RESPONDENT7","Female","54","Default","Stimulus","AgodaPage2",694418,128872,"",3871,"50",0,0,"50",0,0,"50",0,0,"50",0,0,"50",0,0,"50",0,0,"50",0,0,"50",288,7.44,"50",2349,60.68,"50",0,0,"-50",6,0.15,"-50|50",2425,62.65,"50",86,2.22,"50",304,7.85,"50",14,0.36,"50",0,0,"50",0,0,"50",40,1.03,"50",0,0,"50",0,0,"50",3,0.08,"50",0,0,"50",14,0.36,"50",0,0,"50",0,0,"50",126,3.25,"50",0,0,"50",4,0.1,"50",105,2.71,"50",41,1.06,"50",0,0,"50",281,7.26
"Hoteles Grupo 2","RESPONDENT7","Female","54","Default","Stimulus","VrboPage3",1171067,134538,"",4040,"50",74,1.83,"50",12,0.3,"50",0,0,"50",73,1.81,"50",379,9.38,"50",6,0.15,"50",36,0.89,"50",1106,27.38,"50",2503,61.96,"50",79,1.96,"-50",724,17.92,"-50|50",1732,42.87,"50",126,3.12,"50",640,15.84,"50",729,18.04,"50",88,2.18,"50",18,0.45,"50",38,0.94,"50",0,0,"50",0,0,"50",162,4.01,"50",267,6.61,"50",715,17.7,"50",95,2.35,"50",63,1.56,"50",280,6.93,"50",0,0,"50",334,8.27,"50",207,5.12,"50",1,0.02,"50",325,8.04,"50",483,11.96
"Hoteles Grupo 2","RESPONDENT7","Female","54","Default","Stimulus","HotelesPage3",920067,125637,"",3774,"50",0,0,"50",0,0,"50",0,0,"50",0,0,"50",22,0.58,"50",0,0,"50",0,0,"50",52,1.38,"50",1985,52.6,"50",0,0,"-50",6,0.16,"-50|50",2253,59.7,"50",89,2.36,"50",35,0.93,"50",7,0.19,"50",0,0,"50",0,0,"50",32,0.85,"50",0,0,"50",0,0,"50",46,1.22,"50",0,0,"50",339,8.98,"50",3,0.08,"50",3,0.08,"50",27,0.72,"50",0,0,"50",16,0.42,"50",3,0.08,"50",284,7.53,"50",0,0,"50",66,1.75
"Hoteles Grupo 2","RESPONDENT7","Female","54","Default","Stimulus","AgodaPage3",1069860,90922,"",2731,"50",0,0,"50",0,0,"50",0,0,"50",0,0,"50",0,0,"50",0,0,"50",4,0.15,"50",87,3.19,"50",1665,60.97,"50",0,0,"-50",143,5.24,"-50|50",1567,57.38,"50",32,1.17,"50",0,0,"50",157,5.75,"50",0,0,"50",0,0,"50",23,0.84,"50",0,0,"50",0,0,"50",21,0.77,"50",71,2.6,"50",45,1.65,"50",0,0,"50",4,0.15,"50",108,3.95,"50",0,0,"50",14,0.51,"50",54,1.98,"50",153,5.6,"50",14,0.51,"50",171,6.26
